HomeTeam,AwayTeam,FTHG,FTAG,FTR,HTHG,HTAG,HTR,HS,AS,HST,AST,HF,AF,HC,AC,HY,AY,HR,AR,P1,P2,HM,AM,THG,THGA,TAG,TAGA,TG1,TGA1,TG2,TGA2,THS,THSA,TAS,TASA,TS1,TSA1,TS2,TSA2,THST,THSTA,TAST,TASTA,TST1,TSTA1,TST2,TSTA2,THC,THCA,TAC,TACA,TC1,TCA1,TC2,TCA2,THF,THFA,TAF,TAFA,TF1,TFA1,TF2,TFA2,THY,THYA,TAY,TAYA,TY1,TYA1,TY2,TYA2,THR,THRA,TAR,TARA,TR1,TRA1,TR2,TRA2,ELOG1,ELOG2,LG1,LG2
Fulham,Arsenal,0,3,A,0,1,A,5,13,2,6,12,12,2,3,2,2,0,0,0,0,0,0,0,0,0,0,0,0,0,0,0,0,0,0,0,0,0,0,0,0,0,0,0,0,0,0,0,0,0,0,0,0,0,0,0,0,0,0,0,0,0,0,0,0,0,0,0,0,0,0,0,0,0,0,0,0,0,0,0.0,0.0,0.0,0.0
Crystal Palace,Southampton,1,0,H,1,0,H,5,9,3,5,14,11,7,3,2,1,0,0,0,0,0,0,0,0,0,0,0,0,0,0,0,0,0,0,0,0,0,0,0,0,0,0,0,0,0,0,0,0,0,0,0,0,0,0,0,0,0,0,0,0,0,0,0,0,0,0,0,0,0,0,0,0,0,0,0,0,0,0,0.0,0.0,0.0,0.0
Liverpool,Leeds,4,3,H,3,2,H,22,6,6,3,9,6,9,0,1,0,0,0,0,0,0,0,0,0,0,0,0,0,0,0,0,0,0,0,0,0,0,0,0,0,0,0,0,0,0,0,0,0,0,0,0,0,0,0,0,0,0,0,0,0,0,0,0,0,0,0,0,0,0,0,0,0,0,0,0,0,0,0,0.0,0.0,0.0,0.0
West Ham,Newcastle,0,2,A,0,0,D,15,15,3,2,13,7,8,7,2,2,0,0,0,0,0,0,0,0,0,0,0,0,0,0,0,0,0,0,0,0,0,0,0,0,0,0,0,0,0,0,0,0,0,0,0,0,0,0,0,0,0,0,0,0,0,0,0,0,0,0,0,0,0,0,0,0,0,0,0,0,0,0,0.0,0.0,0.0,0.0
West Brom,Leicester,0,3,A,0,0,D,7,13,1,7,12,9,2,5,1,1,0,0,0,0,0,0,0,0,0,0,0,0,0,0,0,0,0,0,0,0,0,0,0,0,0,0,0,0,0,0,0,0,0,0,0,0,0,0,0,0,0,0,0,0,0,0,0,0,0,0,0,0,0,0,0,0,0,0,0,0,0,0,0.0,0.0,0.0,0.0
Tottenham,Everton,0,1,A,0,0,D,9,15,5,4,15,7,5,3,1,0,0,0,0,0,0,0,0,0,0,0,0,0,0,0,0,0,0,0,0,0,0,0,0,0,0,0,0,0,0,0,0,0,0,0,0,0,0,0,0,0,0,0,0,0,0,0,0,0,0,0,0,0,0,0,0,0,0,0,0,0,0,0,0.0,0.0,0.0,0.0
Brighton,Chelsea,1,3,A,0,1,A,13,10,3,5,8,13,4,3,1,0,0,0,0,0,0,0,0,0,0,0,0,0,0,0,0,0,0,0,0,0,0,0,0,0,0,0,0,0,0,0,0,0,0,0,0,0,0,0,0,0,0,0,0,0,0,0,0,0,0,0,0,0,0,0,0,0,0,0,0,0,0,0,0.0,0.0,0.0,0.0
Sheffield United,Wolves,0,2,A,0,2,A,9,11,2,4,13,7,12,5,2,1,0,0,0,0,0,0,0,0,0,0,0,0,0,0,0,0,0,0,0,0,0,0,0,0,0,0,0,0,0,0,0,0,0,0,0,0,0,0,0,0,0,0,0,0,0,0,0,0,0,0,0,0,0,0,0,0,0,0,0,0,0,0,0.0,0.0,0.0,0.0
Everton,West Brom,5,2,H,2,1,H,17,6,7,4,9,11,11,1,1,0,0,1,1,1,0,0,0,0,0,0,1,0,0,3,0,0,0,0,15,9,7,13,0,0,0,0,4,5,1,7,0,0,0,0,3,5,2,5,0,0,0,0,7,15,12,9,0,0,0,0,0,1,1,1,0,0,0,0,0,0,0,0,0.0,0.0,0.0,0.0
Leeds,Fulham,4,3,H,2,1,H,10,14,7,6,13,18,5,3,1,2,0,0,1,1,0,0,0,0,0,0,3,4,0,3,0,0,0,0,6,22,5,13,0,0,0,0,3,6,2,6,0,0,0,0,0,9,2,3,0,0,0,0,6,9,12,12,0,0,0,0,0,1,2,2,0,0,0,0,0,0,0,0,0.0,0.0,0.0,0.0
Man United,Crystal Palace,1,3,A,0,1,A,13,14,4,5,13,10,9,3,2,1,0,0,0,1,0,0,0,0,0,0,0,0,1,0,0,0,0,0,0,0,5,9,0,0,0,0,0,0,3,5,0,0,0,0,0,0,7,3,0,0,0,0,0,0,14,11,0,0,0,0,0,0,2,1,0,0,0,0,0,0,0,0,0.0,0.0,0.0,0.0
Arsenal,West Ham,2,1,H,1,1,D,7,14,3,3,11,13,7,5,0,1,0,0,1,1,0,0,0,0,0,0,3,0,0,2,0,0,0,0,13,5,15,15,0,0,0,0,6,2,3,2,0,0,0,0,3,2,8,7,0,0,0,0,12,12,13,7,0,0,0,0,2,2,2,2,0,0,0,0,0,0,0,0,0.0,0.0,0.0,0.0
Southampton,Tottenham,2,5,A,1,1,D,14,9,7,6,16,18,3,2,4,3,0,0,1,1,0,0,0,0,0,0,0,1,0,1,0,0,0,0,9,5,9,15,0,0,0,0,5,3,5,4,0,0,0,0,3,7,5,3,0,0,0,0,11,14,15,7,0,0,0,0,1,2,1,0,0,0,0,0,0,0,0,0,0.0,0.0,0.0,0.0
Newcastle,Brighton,0,3,A,0,2,A,6,13,0,6,16,15,7,1,3,0,0,1,1,1,0,0,0,0,0,0,2,0,1,3,0,0,0,0,15,15,13,10,0,0,0,0,2,3,3,5,0,0,0,0,7,8,4,3,0,0,0,0,7,13,8,13,0,0,0,0,2,2,1,0,0,0,0,0,0,0,0,0,0.0,0.0,0.0,0.0
Chelsea,Liverpool,0,2,A,0,0,D,5,18,3,6,10,6,1,11,0,0,1,0,1,1,0,0,0,0,0,0,3,1,4,3,0,0,0,0,10,13,22,6,0,0,0,0,5,3,6,3,0,0,0,0,3,4,9,0,0,0,0,0,13,8,9,6,0,0,0,0,0,1,1,0,0,0,0,0,0,0,0,0,0.0,0.0,0.0,0.0
Leicester,Burnley,4,2,H,1,1,D,14,16,6,5,11,13,15,4,1,2,0,0,1,0,0,0,0,0,0,0,3,0,0,0,0,0,0,0,13,7,0,0,0,0,0,0,7,1,0,0,0,0,0,0,5,2,0,0,0,0,0,0,9,12,0,0,0,0,0,0,1,1,0,0,0,0,0,0,0,0,0,0,0.0,0.0,0.0,0.0
Aston Villa,Sheffield United,1,0,H,0,0,D,18,4,2,1,12,13,10,4,3,1,0,1,0,1,0,0,0,0,0,0,0,0,0,2,0,0,0,0,0,0,9,11,0,0,0,0,0,0,2,4,0,0,0,0,0,0,12,5,0,0,0,0,0,0,13,7,0,0,0,0,0,0,2,1,0,0,0,0,0,0,0,0,0.0,0.0,0.0,0.0
Wolves,Man City,1,3,A,0,2,A,10,14,1,9,6,8,4,6,0,3,0,0,1,0,0,0,0,0,0,0,2,0,0,0,0,0,0,0,11,9,0,0,0,0,0,0,4,2,0,0,0,0,0,0,5,12,0,0,0,0,0,0,7,13,0,0,0,0,0,0,1,2,0,0,0,0,0,0,0,0,0,0,0.0,0.0,0.0,0.0
Brighton,Man United,2,3,A,1,1,D,18,7,5,3,18,16,7,1,4,2,0,0,2,1,1,0,1,3,0,0,4,3,1,3,13,10,0,0,26,16,13,14,3,5,0,0,9,5,4,5,4,3,0,0,5,10,9,3,8,13,0,0,23,29,13,10,1,0,0,0,1,3,2,1,0,0,0,0,1,0,0,0,0.0,0.0,0.0,0.0
Crystal Palace,Everton,1,2,A,1,2,A,8,10,1,5,16,15,7,6,3,1,0,0,2,2,1,1,1,0,1,0,4,1,6,2,5,9,15,9,19,22,32,15,3,5,4,5,8,9,11,9,7,3,3,5,10,12,14,6,14,11,7,15,24,24,16,26,2,1,0,1,3,3,1,1,0,0,0,0,0,0,0,1,0.0,0.0,0.0,0.0
West Brom,Chelsea,3,3,D,3,0,H,9,22,3,10,8,16,3,9,1,3,0,0,2,2,1,1,0,3,3,1,2,8,3,3,7,13,10,13,13,30,15,31,1,7,5,3,5,14,8,9,2,5,3,4,3,16,4,15,12,9,13,8,23,18,23,14,1,1,0,1,1,2,0,1,0,0,0,0,1,0,1,0,0.0,0.0,0.0,0.0
Burnley,Southampton,0,1,A,0,1,A,10,5,2,1,8,10,8,2,1,0,0,0,1,2,0,1,0,0,0,1,2,4,2,6,0,0,9,5,16,14,23,14,0,0,5,3,5,6,12,9,0,0,3,7,4,15,6,9,0,0,11,14,13,11,27,32,0,0,1,2,2,1,5,5,0,0,0,0,0,0,0,0,0.0,0.0,0.0,0.0
Sheffield United,Leeds,0,1,A,0,0,D,14,17,4,9,18,4,5,7,2,1,0,0,2,2,1,1,0,2,3,4,0,3,7,7,9,11,6,22,13,29,16,36,2,4,3,6,3,6,10,12,12,5,0,9,16,15,5,12,13,7,6,9,26,19,19,27,2,1,0,1,3,4,1,3,0,0,0,0,1,0,0,0,0.0,0.0,0.0,0.0
Tottenham,Newcastle,1,1,D,1,0,H,23,6,12,1,15,9,10,4,1,4,0,0,2,2,1,1,0,1,2,0,5,3,2,3,9,15,15,15,18,29,21,28,5,4,2,3,11,11,2,9,5,3,7,8,7,6,14,9,15,7,7,13,33,23,23,28,1,0,2,2,4,4,5,2,0,0,0,0,0,0,0,1,0.0,0.0,0.0,0.0
Man City,Leicester,2,5,A,1,1,D,16,7,5,7,13,8,3,4,1,3,0,0,1,2,0,1,0,0,3,0,3,1,7,2,0,0,13,7,14,10,27,23,0,0,7,1,9,1,13,6,0,0,5,2,6,4,20,6,0,0,9,12,8,6,20,25,0,0,1,1,3,0,2,3,0,0,0,0,0,0,0,0,0.0,0.0,0.0,0.0
West Ham,Wolves,4,0,H,1,0,H,15,11,7,2,7,11,1,3,0,1,0,0,2,2,1,1,0,2,2,0,1,4,3,3,15,15,11,9,29,22,21,23,3,2,4,2,6,5,5,11,8,7,5,12,13,14,9,18,13,7,7,13,26,18,13,21,2,2,1,2,3,2,1,5,0,0,0,0,0,0,0,0,0.0,0.0,0.0,0.0
Fulham,Aston Villa,0,3,A,0,2,A,16,12,3,5,18,14,5,3,6,3,0,0,2,1,1,0,0,3,0,0,3,7,1,0,5,13,0,0,19,23,18,4,2,6,0,0,8,13,2,1,2,3,0,0,5,8,10,4,12,12,0,0,30,25,12,13,2,2,0,0,4,3,3,1,0,0,0,0,0,0,0,1,0.0,0.0,0.0,0.0
Liverpool,Arsenal,3,1,H,2,1,H,21,4,8,3,11,7,7,3,2,2,0,0,2,2,1,1,4,3,3,0,6,3,5,1,22,6,13,5,40,11,20,19,6,3,6,2,12,6,9,5,9,0,3,2,20,1,10,7,9,6,12,12,15,16,23,25,1,0,2,2,1,0,2,3,0,0,0,0,0,1,0,0,0.0,0.0,0.0,0.0
Chelsea,Crystal Palace,4,0,H,0,0,D,17,4,6,0,17,13,8,5,2,0,0,0,3,3,1,1,0,2,3,1,6,6,5,3,5,18,14,13,37,40,27,32,3,6,5,4,18,12,9,14,1,11,3,9,13,18,17,18,10,6,10,13,39,22,40,39,0,0,1,2,3,2,6,4,1,0,0,0,1,0,0,0,0.0,0.0,0.0,0.0
Everton,Brighton,4,2,H,2,1,H,11,11,6,3,13,14,3,10,0,1,0,0,3,3,1,1,5,2,3,0,8,3,6,6,17,6,13,6,42,23,44,23,7,4,6,0,16,10,14,8,11,1,1,7,20,13,12,11,9,11,15,16,31,42,41,45,1,0,0,3,2,4,5,5,0,1,1,0,0,1,1,0,0.0,0.0,0.0,0.0
Leeds,Man City,1,1,D,0,1,A,12,23,7,2,11,12,7,10,2,1,0,0,3,2,1,1,4,3,3,1,8,7,5,6,10,14,14,10,33,50,30,17,7,6,9,1,19,16,14,8,5,3,6,4,12,17,9,8,13,18,8,6,23,45,21,14,1,2,3,0,2,5,4,3,0,0,0,0,0,0,0,0,0.0,0.0,0.0,0.0
Newcastle,Burnley,3,1,H,1,0,H,10,7,5,3,13,17,3,4,2,3,0,0,3,2,1,1,0,3,2,4,3,4,2,5,6,13,16,14,27,51,26,19,0,6,5,6,3,21,7,7,7,1,4,15,18,19,12,17,16,15,13,11,32,43,21,21,3,0,2,1,9,3,3,1,0,1,0,0,0,1,0,0,0.0,0.0,0.0,0.0
Leicester,West Ham,0,3,A,0,2,A,4,14,0,6,11,8,6,4,2,2,0,0,3,3,1,1,4,2,1,2,12,4,5,4,14,16,14,7,34,39,44,33,6,5,3,3,20,11,13,7,15,4,5,7,24,9,14,17,11,13,13,11,28,38,33,29,1,2,1,0,5,4,3,3,0,0,0,0,0,0,0,0,0.0,0.0,0.0,0.0
Southampton,West Brom,2,0,H,1,0,H,13,5,7,2,19,10,5,1,2,1,0,0,3,3,1,1,2,5,2,5,3,6,5,11,14,9,6,17,28,24,22,52,7,6,4,7,13,11,8,24,3,2,1,11,8,17,6,25,16,18,11,9,37,40,31,34,4,3,0,1,5,6,2,5,0,0,1,0,0,0,1,0,0.0,0.0,0.0,0.0
Arsenal,Sheffield United,2,1,H,0,0,D,6,6,5,2,3,9,2,4,0,1,0,0,3,3,1,1,2,1,0,1,6,4,0,4,7,14,4,18,24,40,27,46,3,3,1,2,12,13,7,15,7,5,4,10,13,14,21,22,11,13,13,12,30,36,44,23,0,1,1,3,4,5,5,5,0,0,1,0,0,0,1,0,0.0,0.0,0.0,0.0
Wolves,Fulham,1,0,H,0,0,D,14,10,5,2,15,8,6,2,1,1,0,0,3,3,1,1,1,3,3,4,3,7,3,10,10,14,14,10,32,38,35,35,1,9,6,7,7,18,11,18,4,6,3,5,12,19,10,11,6,8,18,13,24,28,48,39,0,3,2,1,2,5,10,6,0,0,0,0,0,0,0,0,0.0,0.0,0.0,0.0
Man United,Tottenham,1,6,A,1,4,A,5,22,2,8,14,10,2,4,2,1,1,0,2,3,1,1,1,3,5,2,4,5,6,4,13,14,9,14,20,32,41,35,4,5,6,7,7,10,23,12,9,3,2,3,10,10,17,10,13,10,18,16,29,28,48,32,2,1,3,4,4,5,5,8,0,0,0,0,0,0,0,0,0.0,0.0,0.0,0.0
Aston Villa,Liverpool,7,2,H,4,1,H,18,14,11,8,7,10,2,7,2,1,0,0,2,3,1,1,1,0,2,0,4,0,9,4,18,4,18,5,30,20,61,15,2,1,6,3,7,4,20,9,10,4,11,1,13,9,27,4,12,13,6,10,26,31,26,23,3,1,0,0,6,7,3,2,0,1,0,1,0,1,0,1,0.0,0.0,0.0,0.0
Everton,Liverpool,2,2,D,1,1,D,11,22,5,8,15,9,2,5,3,2,1,0,4,4,2,2,9,4,4,7,12,5,11,11,28,17,32,23,53,34,75,33,13,7,14,14,22,13,28,20,14,11,18,3,23,23,34,6,22,25,16,17,44,56,36,30,1,1,1,2,2,5,4,4,0,1,0,1,0,1,0,1,0.0,0.0,0.0,0.0
Chelsea,Southampton,3,3,D,2,1,H,11,13,5,6,11,9,6,2,1,1,0,0,4,4,2,2,4,2,1,1,10,6,5,6,22,22,14,15,54,44,41,29,9,6,6,5,24,12,20,13,9,16,5,15,21,23,13,18,27,19,21,22,56,35,56,50,2,0,1,3,5,2,7,7,1,0,0,0,1,0,0,0,0.0,0.0,0.0,0.0
Man City,Arsenal,1,0,H,1,0,H,13,11,5,3,15,10,6,6,4,1,0,0,3,4,1,2,2,5,4,3,6,7,8,5,16,7,17,26,53,29,30,46,5,7,9,10,16,15,17,15,3,4,6,9,19,15,15,18,13,8,19,23,33,25,33,45,1,3,4,4,5,5,4,6,0,0,0,0,0,0,0,0,0.0,0.0,0.0,0.0
Newcastle,Man United,1,4,A,1,1,D,7,28,4,14,9,12,0,7,1,1,0,0,4,3,2,1,3,4,3,2,6,5,5,11,16,20,7,18,37,58,25,54,5,9,3,5,8,24,9,18,10,5,1,7,21,23,12,14,29,32,16,18,45,60,43,38,5,3,2,4,11,6,6,6,0,1,0,0,0,1,1,0,0.0,0.0,0.0,0.0
Sheffield United,Fulham,1,1,D,0,0,D,10,15,6,6,5,9,2,5,0,2,0,0,4,4,2,2,0,3,3,5,1,6,3,11,23,28,24,24,33,52,45,49,6,13,8,12,9,20,13,23,17,12,5,11,25,24,12,17,31,11,26,28,53,26,56,54,4,2,3,2,6,5,11,7,0,0,0,0,1,0,0,0,0.0,0.0,0.0,0.0
Crystal Palace,Brighton,1,1,D,1,0,H,1,20,1,3,13,12,2,5,3,2,0,1,4,4,2,2,2,2,5,4,5,7,8,10,13,19,24,17,31,49,55,34,4,10,9,6,9,20,17,14,14,9,11,10,22,26,22,14,30,26,29,29,53,56,55,58,5,2,1,3,6,6,6,5,0,0,1,0,0,0,1,0,0.0,0.0,0.0,0.0
Tottenham,West Ham,3,3,D,3,0,H,11,13,6,4,13,12,3,7,0,5,0,0,4,4,2,2,1,2,4,2,12,5,8,4,32,21,28,11,63,40,58,37,17,5,9,3,31,14,19,7,15,7,9,13,21,12,18,23,30,16,21,22,58,46,41,40,2,4,3,2,6,10,5,5,0,0,0,0,0,1,0,0,0.0,0.0,0.0,0.0
Leicester,Aston Villa,0,1,A,0,0,D,11,10,5,4,18,18,2,7,4,3,0,0,4,3,2,1,4,5,3,0,12,7,11,2,18,30,12,16,38,53,48,34,6,11,5,3,20,17,18,12,21,8,3,5,30,13,15,16,22,21,14,18,39,46,33,41,3,4,3,6,7,6,8,8,0,0,0,0,0,0,0,1,0.0,0.0,0.0,0.0
West Brom,Burnley,0,0,D,0,0,D,13,9,6,4,15,17,8,2,2,2,0,0,4,3,2,2,3,6,3,7,5,13,3,8,16,35,23,24,27,65,33,29,4,17,8,11,10,31,10,12,5,14,8,18,7,30,16,20,20,25,30,24,41,53,38,34,2,4,5,3,3,7,6,3,0,0,0,0,1,0,0,0,0.0,0.0,0.0,0.0
Leeds,Wolves,0,1,A,0,0,D,13,7,2,3,13,12,8,3,2,1,0,0,4,4,2,2,5,4,2,4,9,8,4,7,22,37,22,24,45,73,46,48,14,8,6,9,26,18,12,20,12,13,8,13,19,27,18,21,24,30,18,20,34,57,39,36,3,3,2,2,4,6,3,6,0,0,0,0,0,0,0,0,0.0,0.0,0.0,0.0
Aston Villa,Leeds,0,3,A,0,0,D,12,27,4,9,14,17,6,5,2,2,0,0,4,5,2,2,8,2,4,4,12,2,9,9,36,18,23,36,58,45,58,80,13,9,12,10,22,17,28,21,12,11,7,14,22,18,27,30,19,23,10,27,51,59,47,69,5,2,1,3,11,12,6,7,0,1,0,0,0,1,0,0,0.0,0.0,0.0,0.0
West Ham,Man City,1,1,D,1,0,H,6,14,2,7,14,6,2,10,2,0,0,0,5,4,2,2,4,2,4,2,11,7,7,7,30,26,37,22,71,48,66,40,10,4,11,8,23,13,21,18,9,10,16,11,25,26,25,21,20,18,20,17,53,53,48,35,2,3,4,2,10,5,9,6,0,0,0,0,0,0,0,0,0.0,0.0,0.0,0.0
Fulham,Crystal Palace,1,2,A,0,1,A,16,14,3,10,11,11,4,4,0,1,1,0,5,5,2,2,0,6,3,5,4,12,6,8,21,25,18,30,60,59,32,69,5,11,5,10,19,29,10,23,7,6,8,17,17,19,24,31,30,26,23,30,65,59,66,68,8,5,1,4,13,7,9,8,0,0,0,0,0,0,0,1,0.0,0.0,0.0,0.0
Man United,Chelsea,0,0,D,0,0,D,14,6,4,1,8,6,9,6,3,1,0,0,4,5,2,2,2,9,6,4,9,12,13,9,18,36,32,22,53,61,65,57,6,13,15,6,23,22,29,18,11,7,12,7,19,14,27,25,27,20,29,16,55,47,67,44,4,2,3,2,7,7,6,3,1,0,0,0,1,0,1,0,0.0,0.0,0.0,0.0
Liverpool,Sheffield United,2,1,H,1,1,D,17,13,5,2,7,15,7,3,0,3,0,0,5,5,2,2,7,4,1,3,13,13,2,7,43,10,10,24,97,44,43,67,14,6,3,7,36,25,15,26,16,3,8,12,39,8,27,29,20,13,22,15,45,45,58,35,3,2,2,3,6,7,6,7,0,0,1,0,0,2,1,0,0.0,0.0,0.0,0.0
Southampton,Everton,2,0,H,2,0,H,12,6,6,2,11,11,4,5,1,2,0,1,5,5,2,2,4,5,3,1,8,9,14,7,27,14,25,17,54,40,64,56,14,8,9,6,26,18,27,21,8,3,9,12,15,24,25,28,35,28,22,31,65,61,59,65,6,4,1,4,8,8,5,7,0,0,0,0,0,0,1,1,0.0,0.0,0.0,0.0
Wolves,Newcastle,1,1,D,0,0,D,16,5,3,2,10,10,2,3,0,1,0,0,5,5,2,2,2,3,3,1,5,7,7,9,24,24,21,38,53,61,44,86,6,11,3,15,15,22,12,38,10,8,11,18,21,29,21,30,21,16,16,28,51,49,54,72,1,4,6,3,4,8,12,7,0,0,0,0,0,0,0,1,0.0,0.0,0.0,0.0
Arsenal,Leicester,0,1,A,0,0,D,12,6,4,2,13,9,9,3,3,5,0,0,5,5,2,2,4,2,8,2,8,6,12,8,13,20,20,23,41,59,49,63,8,5,14,6,20,20,25,21,9,9,9,5,21,24,32,20,14,22,17,25,43,60,57,64,0,2,4,2,5,10,11,9,0,0,0,0,0,0,0,0,0.0,0.0,0.0,0.0
Brighton,West Brom,1,1,D,1,0,H,5,9,3,3,14,7,6,2,2,0,0,0,5,5,2,2,3,6,2,7,9,11,5,13,31,17,11,30,75,35,40,74,8,8,6,14,20,15,16,35,11,4,2,16,27,16,15,32,26,29,21,28,67,71,56,70,5,2,1,3,8,8,5,9,0,0,1,0,2,0,1,0,0.0,0.0,0.0,0.0
Burnley,Tottenham,0,1,A,0,0,D,13,9,4,3,9,7,4,5,2,0,0,0,4,5,1,2,0,1,11,3,3,8,15,8,10,5,31,19,42,42,74,53,2,1,14,9,14,18,37,18,8,2,6,5,18,28,24,19,8,10,28,30,55,49,71,58,1,0,4,6,8,5,6,15,0,0,0,1,0,0,0,1,0.0,0.0,0.0,0.0
Wolves,Crystal Palace,2,0,H,2,0,H,15,11,5,2,13,4,7,6,0,2,0,1,6,6,3,3,3,4,5,6,6,8,8,9,40,29,32,46,69,66,46,85,9,13,15,13,18,24,20,26,12,11,12,21,23,32,28,35,31,26,34,41,61,59,77,79,1,5,2,4,4,9,10,8,0,0,0,1,0,0,0,2,0.0,0.0,0.0,0.0
Sheffield United,Man City,0,1,A,0,1,A,5,16,1,8,14,6,2,5,0,0,0,0,6,5,3,3,1,4,5,3,3,9,8,8,33,43,51,28,56,84,80,46,12,19,18,10,17,31,28,20,19,17,26,13,30,36,35,23,36,20,26,31,73,42,54,49,4,4,4,4,9,7,9,8,0,0,0,0,1,0,0,0,0.0,0.0,0.0,0.0
Burnley,Chelsea,0,3,A,0,1,A,5,14,0,9,10,15,3,4,1,0,0,0,5,6,2,3,0,2,6,4,3,9,13,9,23,14,38,36,55,51,71,71,6,4,16,10,18,21,30,22,12,7,18,16,22,33,33,34,17,17,35,24,64,56,73,52,3,0,4,5,10,5,7,6,0,0,0,0,0,0,1,0,0.0,0.0,0.0,0.0
Liverpool,West Ham,2,1,H,1,1,D,9,4,5,3,13,14,1,2,0,1,0,0,6,6,3,3,9,5,7,5,15,14,12,8,60,23,41,22,114,57,77,62,19,8,13,9,41,27,25,20,23,6,16,16,46,11,27,36,27,28,33,35,52,60,67,59,3,5,8,2,6,10,12,5,0,0,0,0,0,2,0,0,0.0,0.0,0.0,0.0
Aston Villa,Southampton,3,4,A,0,3,A,19,9,10,4,12,17,11,1,1,2,0,0,5,6,3,3,8,5,4,4,12,5,10,9,48,45,27,26,70,72,66,46,17,18,12,10,26,26,32,20,18,16,7,21,28,23,19,29,33,40,30,33,65,76,76,72,7,4,2,4,13,14,9,10,0,1,0,0,0,1,0,1,0.0,0.0,0.0,0.0
Newcastle,Everton,2,1,H,0,0,D,11,15,4,4,9,10,5,4,2,4,0,0,6,6,3,3,4,8,3,3,8,10,14,9,23,48,31,29,49,102,70,68,9,23,11,12,14,41,29,27,10,12,14,16,24,32,30,32,38,44,33,42,64,82,70,76,6,4,3,5,13,7,7,8,0,1,1,0,0,1,2,1,0.0,0.0,0.0,0.0
Man United,Arsenal,0,1,A,0,0,D,8,7,2,2,12,12,6,3,3,3,0,0,5,6,3,3,2,9,4,4,9,12,8,7,32,42,28,39,67,67,53,65,10,14,12,15,27,23,24,22,20,13,12,15,28,20,30,27,35,26,29,38,63,53,56,69,7,3,5,8,10,8,8,15,1,0,0,0,1,0,0,0,0.0,0.0,0.0,0.0
Tottenham,Brighton,2,1,H,1,0,H,9,6,3,2,14,13,4,5,2,1,0,0,6,6,3,3,4,5,6,5,16,8,10,12,43,34,44,18,83,66,80,44,23,9,12,7,40,22,23,18,18,14,16,12,29,23,33,18,43,28,41,42,78,67,81,78,2,9,3,6,6,17,10,8,0,0,2,0,0,1,2,0,0.0,0.0,0.0,0.0
Fulham,West Brom,2,0,H,2,0,H,13,10,6,1,13,11,5,2,3,2,0,0,6,6,3,3,1,8,3,8,5,14,6,14,37,39,20,35,76,73,49,79,8,21,9,17,22,39,19,38,11,10,4,22,21,23,17,38,41,37,28,42,76,70,63,84,8,6,1,5,13,8,5,11,1,0,1,0,1,0,1,0,0.0,0.0,0.0,0.0
Leeds,Leicester,1,4,A,0,2,A,11,10,4,8,9,5,10,3,1,1,0,0,6,6,3,3,5,5,9,2,12,9,13,8,35,44,26,35,85,92,55,75,16,11,16,10,37,25,27,25,20,16,12,14,32,36,35,29,37,42,26,38,64,83,66,77,5,4,9,5,8,9,16,12,0,0,0,0,0,0,0,0,0.0,0.0,0.0,0.0
Brighton,Burnley,0,0,D,0,0,D,19,4,3,1,11,5,5,3,1,0,0,0,7,6,3,3,4,7,3,7,11,14,3,12,36,26,32,37,86,53,60,65,11,11,12,17,25,21,18,30,17,6,10,26,38,22,25,37,40,36,47,39,94,92,74,71,7,2,7,5,11,10,11,5,0,0,0,0,2,0,0,0,0.0,0.0,0.0,0.0
Southampton,Newcastle,2,0,H,1,0,H,15,4,8,2,12,11,8,3,1,2,0,0,7,7,3,3,6,5,4,2,14,12,10,11,39,20,26,54,75,65,60,117,20,10,5,18,36,30,18,45,12,8,14,20,20,40,29,36,46,39,26,38,93,84,73,92,7,6,7,3,11,11,15,11,0,1,0,0,0,1,0,1,0.0,0.0,0.0,0.0
Everton,Man United,1,3,A,1,2,A,7,13,1,5,12,19,5,2,4,2,0,0,7,6,3,2,11,6,7,3,15,11,9,13,39,39,35,25,85,79,75,74,18,15,17,9,33,31,29,25,16,16,8,7,34,37,34,23,37,34,28,27,80,85,75,65,4,3,3,5,11,10,13,11,1,1,0,0,2,1,1,0,0.0,0.0,0.0,0.0
Crystal Palace,Leeds,4,1,H,3,1,H,10,9,6,3,9,1,3,6,0,2,0,0,7,7,3,3,3,3,7,4,8,11,13,13,14,39,50,48,57,100,96,102,5,13,21,14,22,31,41,33,16,14,12,20,34,42,42,39,43,38,27,41,81,92,73,88,8,4,3,5,12,8,9,10,0,1,0,0,1,2,0,0,0.0,0.0,0.0,0.0
Chelsea,Sheffield United,4,1,H,2,1,H,20,6,9,3,5,14,6,7,0,2,0,0,7,7,3,3,7,5,2,5,16,9,3,10,33,35,23,41,85,76,61,100,14,12,5,12,39,22,18,39,15,18,11,19,37,37,32,41,38,28,37,22,88,62,87,48,3,1,5,3,7,7,9,7,1,0,1,0,1,0,1,0,0.0,0.0,0.0,0.0
West Ham,Fulham,1,0,H,0,0,D,16,13,7,3,10,9,9,5,2,2,0,0,7,7,3,3,5,3,4,6,13,10,7,14,36,40,39,34,81,71,89,83,12,11,14,18,28,25,28,40,11,20,10,13,29,37,26,25,34,24,35,33,81,72,89,81,4,3,5,2,13,5,16,10,0,0,0,0,0,0,1,0,0.0,0.0,0.0,0.0
West Brom,Tottenham,0,1,A,0,0,D,12,19,2,5,17,12,9,6,1,0,0,0,7,7,3,3,3,6,12,3,6,16,18,9,29,44,40,32,59,92,92,72,10,21,17,13,20,44,43,24,13,16,11,9,19,43,33,28,35,42,35,39,74,97,92,80,4,6,4,8,7,14,8,18,0,0,0,1,1,0,0,1,0.0,0.0,0.0,0.0
Leicester,Wolves,1,0,H,1,0,H,10,7,3,2,12,8,6,3,2,3,0,0,7,7,3,3,4,6,3,4,17,9,8,8,29,40,29,37,65,86,84,77,11,15,9,11,35,29,23,26,23,15,11,21,38,39,30,38,40,39,30,33,71,86,74,63,7,7,3,4,17,13,4,11,0,0,0,0,0,0,0,1,0.0,0.0,0.0,0.0
Man City,Liverpool,1,1,D,1,1,D,7,10,2,3,19,11,1,2,3,1,0,0,6,7,2,3,3,5,6,9,9,8,17,15,29,18,54,34,96,51,123,61,10,10,22,19,36,21,46,30,9,10,23,5,40,25,47,13,28,18,25,32,60,63,65,74,5,4,3,5,9,8,6,11,0,0,0,2,0,0,0,2,0.0,0.0,0.0,0.0
Arsenal,Aston Villa,0,3,A,0,1,A,13,15,2,6,11,13,3,8,0,0,0,0,7,6,3,2,4,3,4,0,9,7,15,9,25,26,22,27,60,73,89,81,12,7,9,8,26,24,36,30,18,12,10,7,33,33,39,24,27,31,32,36,68,81,77,93,3,7,6,10,11,18,14,16,0,0,0,0,0,0,0,1,0.0,0.0,0.0,0.0
Newcastle,Chelsea,0,2,A,0,1,A,8,14,1,3,11,12,7,4,2,0,0,0,8,8,4,4,6,9,9,4,10,13,20,10,34,63,52,41,64,132,105,82,13,27,25,10,20,53,48,25,15,16,22,19,32,44,43,44,47,54,50,34,84,104,93,76,8,8,4,6,17,12,7,9,0,1,0,0,0,1,1,0,0.0,0.0,0.0,0.0
Aston Villa,Brighton,1,2,A,0,1,A,15,7,4,3,5,18,12,3,2,1,0,1,7,8,4,4,11,9,7,7,18,9,11,14,67,54,50,27,104,94,105,57,27,22,14,10,42,32,28,22,29,17,21,16,47,27,43,25,45,57,54,56,90,104,105,97,8,6,4,8,14,16,12,10,0,1,2,0,0,1,2,0,0.0,0.0,0.0,0.0
Tottenham,Man City,2,0,H,1,0,H,4,22,2,5,13,19,0,10,2,2,0,0,8,7,4,4,6,6,6,3,19,9,10,9,52,40,67,33,111,84,103,61,26,11,26,11,48,26,38,24,22,19,31,15,39,37,41,27,57,41,32,45,104,97,79,74,4,10,4,4,8,19,12,9,0,0,0,0,0,1,0,0,0.0,0.0,0.0,0.0
Man United,West Brom,1,0,H,0,0,D,17,7,7,2,12,17,8,2,1,1,0,0,7,8,4,4,2,10,3,10,12,14,6,17,40,49,30,48,88,81,71,111,12,16,10,23,34,26,22,49,26,16,6,27,36,28,28,49,47,38,39,55,94,77,91,109,10,6,3,8,15,15,8,14,1,0,1,0,1,0,1,0,0.0,0.0,0.0,0.0
Fulham,Everton,2,3,A,1,3,A,14,9,6,7,14,10,2,5,2,0,0,0,8,8,4,4,3,8,4,5,7,15,16,14,50,49,46,40,102,99,92,92,14,22,15,16,31,47,34,36,16,12,18,21,31,34,39,39,54,48,43,51,98,91,92,104,11,8,7,7,18,12,15,12,1,0,1,0,1,0,2,1,0.0,0.0,0.0,0.0
Sheffield United,West Ham,0,1,A,0,0,D,9,15,5,3,7,6,2,6,0,0,0,0,8,8,4,4,1,5,8,7,4,14,14,10,38,59,45,31,67,120,97,84,13,27,16,14,21,48,35,28,21,22,18,17,39,47,38,42,50,26,47,48,101,53,91,81,4,4,9,2,11,7,15,7,0,0,0,0,1,0,0,0,0.0,0.0,0.0,0.0
Leeds,Arsenal,0,0,D,0,0,D,25,9,4,2,9,8,5,3,3,0,0,1,8,8,4,4,6,9,5,4,14,17,9,10,46,54,35,47,105,112,73,88,20,19,14,17,44,39,28,30,30,19,15,21,48,42,36,41,46,47,41,50,74,97,79,94,6,5,8,11,11,10,11,18,0,0,0,0,0,0,0,0,0.0,0.0,0.0,0.0
Liverpool,Leicester,3,0,H,2,0,H,24,11,13,4,15,6,10,3,0,2,0,0,8,8,4,4,11,6,13,3,18,16,18,9,69,27,36,46,133,68,75,93,24,11,24,14,49,32,38,31,24,8,15,24,49,14,44,42,40,42,31,47,76,93,83,94,3,6,10,6,7,14,19,16,0,0,0,0,0,2,0,0,0.0,0.0,0.0,0.0
Burnley,Crystal Palace,1,0,H,1,0,H,10,15,4,5,13,9,4,7,2,0,0,0,7,8,3,4,0,5,5,8,3,12,12,12,28,28,43,61,64,84,67,109,6,13,17,18,19,33,28,34,15,11,18,28,28,42,37,48,27,32,38,54,79,82,90,93,4,0,4,4,11,6,12,10,0,0,1,1,0,0,1,2,0.0,0.0,0.0,0.0
Wolves,Southampton,1,1,D,0,0,D,20,7,9,2,14,13,7,4,2,0,0,0,8,8,4,4,5,4,8,7,8,9,16,12,55,40,36,45,91,87,90,69,14,15,16,20,25,29,44,32,19,17,8,32,33,44,28,43,44,30,47,45,82,75,105,95,1,7,4,5,7,13,12,13,0,1,0,0,0,1,0,1,0.0,0.0,0.0,0.0
Crystal Palace,Newcastle,0,2,A,0,0,D,12,14,3,7,9,10,7,3,2,2,0,0,9,9,4,4,7,4,4,4,12,13,10,15,24,48,30,69,82,119,72,146,11,16,7,26,33,38,21,56,19,20,17,28,44,52,39,48,52,39,37,50,99,106,95,116,8,6,9,4,12,12,19,12,0,1,0,0,1,2,0,1,0.0,0.0,0.0,0.0
Brighton,Liverpool,1,1,D,0,0,D,11,6,3,2,9,13,4,3,2,1,0,0,9,9,4,4,4,7,7,10,13,15,21,16,55,30,64,41,112,72,157,79,14,12,25,21,31,26,62,36,22,9,25,6,46,37,59,17,51,41,36,51,123,102,91,99,8,2,4,8,13,12,7,16,0,0,0,2,3,0,0,2,0.0,0.0,0.0,0.0
Man City,Burnley,5,0,H,3,0,H,19,9,6,1,12,4,6,4,0,0,0,0,8,8,3,4,4,6,3,7,10,11,4,12,36,28,36,56,125,65,74,99,12,13,13,20,43,26,23,38,10,12,13,31,51,27,32,49,47,29,52,50,98,87,92,91,8,5,7,6,14,11,13,6,0,0,0,0,0,0,0,0,0.0,0.0,0.0,0.0
Everton,Leeds,0,1,A,0,0,D,15,23,8,7,8,14,4,2,1,2,0,0,9,9,4,4,12,9,8,8,19,16,14,17,46,52,59,58,101,106,130,121,19,20,24,20,41,42,48,41,21,18,18,23,44,41,53,45,49,53,28,50,102,118,83,105,8,5,5,5,15,14,14,10,1,1,0,0,2,1,0,1,0.0,0.0,0.0,0.0
West Brom,Sheffield United,1,0,H,1,0,H,17,21,6,5,10,9,14,9,2,3,0,0,9,9,4,4,3,7,3,9,6,18,4,15,41,63,29,61,78,128,76,135,12,26,8,21,24,56,26,51,22,22,18,25,30,57,41,53,52,54,51,27,108,121,108,59,5,6,7,3,9,15,11,7,0,0,1,0,1,0,1,0,0.0,0.0,0.0,0.0
Southampton,Man United,2,3,A,2,0,H,10,15,5,6,12,12,5,9,1,0,0,0,9,8,4,3,8,5,10,4,17,13,13,14,54,24,48,32,97,89,105,88,28,12,22,10,46,41,41,28,20,11,10,12,32,50,44,30,58,50,47,39,118,109,106,94,8,8,5,9,12,15,16,16,0,1,0,0,0,1,1,0,0.0,0.0,0.0,0.0
Chelsea,Tottenham,0,0,D,0,0,D,13,5,3,1,20,9,3,3,4,2,0,0,9,9,4,4,11,6,13,3,22,10,21,9,53,41,59,44,119,90,115,106,23,15,22,15,51,26,50,31,21,25,17,18,47,51,39,47,43,42,47,56,105,87,117,116,3,3,4,9,7,11,10,21,1,0,0,1,1,0,0,1,0.0,0.0,0.0,0.0
Arsenal,Wolves,1,2,A,1,2,A,13,11,2,5,13,13,8,4,3,4,0,0,9,9,4,4,4,6,3,5,9,10,9,10,38,41,36,47,82,113,111,94,14,13,11,14,30,34,34,31,21,20,14,27,39,46,40,48,38,44,38,45,87,103,96,88,3,7,6,6,11,21,9,13,0,0,0,0,1,0,0,1,0.0,0.0,0.0,0.0
Leicester,Fulham,1,2,A,0,2,A,16,10,3,5,9,21,6,5,0,2,0,0,9,9,4,4,5,6,4,7,18,12,9,18,39,47,52,50,86,117,116,108,14,17,17,25,42,44,37,54,29,18,15,22,47,52,33,39,52,47,44,43,89,109,112,101,9,10,7,4,21,16,20,12,0,0,0,0,0,0,1,0,0.0,0.0,0.0,0.0
West Ham,Aston Villa,2,1,H,1,1,D,6,16,2,6,20,7,3,7,1,1,0,0,9,8,4,3,6,3,7,0,15,10,19,11,52,53,37,40,112,93,119,101,19,14,15,10,38,33,46,35,20,25,18,10,44,44,59,30,44,33,45,47,97,88,95,122,6,5,6,10,15,7,16,17,0,0,0,0,0,0,0,2,0.0,0.0,0.0,0.0
Burnley,Everton,1,1,D,1,1,D,8,13,3,6,6,9,8,4,0,0,0,0,9,10,4,5,1,5,7,7,4,17,19,17,38,43,55,54,83,118,116,129,10,18,22,22,24,44,49,49,19,18,23,23,36,55,48,43,40,41,53,65,96,103,110,132,6,0,7,9,13,6,16,16,0,0,1,0,0,0,2,1,0.0,0.0,0.0,0.0
Man City,Fulham,2,0,H,2,0,H,16,6,6,1,7,6,9,3,0,0,0,0,9,10,4,5,9,6,6,8,15,11,11,19,55,37,62,66,144,74,126,124,18,14,22,28,49,27,42,57,16,16,20,28,57,31,38,45,59,33,65,52,110,91,133,110,8,5,9,4,14,11,22,12,0,0,0,0,0,0,1,0,0.0,0.0,0.0,0.0
West Ham,Man United,1,3,A,1,0,H,19,15,6,6,9,10,5,4,0,0,0,0,10,9,5,4,8,4,13,6,17,11,16,16,58,69,63,42,118,109,120,98,21,20,28,15,40,39,47,33,23,32,19,17,47,51,53,35,64,40,59,51,117,95,118,106,7,6,5,10,16,8,16,17,0,0,0,0,0,0,1,0,0.0,0.0,0.0,0.0
Chelsea,Leeds,3,1,H,1,1,D,23,8,11,3,12,9,8,4,0,2,0,0,10,10,5,5,11,6,9,8,22,10,15,17,66,46,82,73,132,95,153,136,26,16,31,28,54,27,55,49,24,28,20,27,50,54,55,49,63,51,42,58,125,96,97,113,7,5,7,6,11,13,16,11,1,0,0,0,1,0,0,1,0.0,0.0,0.0,0.0
West Brom,Crystal Palace,1,5,A,1,1,D,9,18,4,6,10,16,4,6,2,2,1,0,10,10,5,5,4,7,5,9,7,18,12,15,58,84,58,71,95,149,94,133,18,31,22,22,30,61,36,45,36,31,25,32,44,66,51,55,62,63,47,67,118,130,108,116,7,9,4,6,11,18,14,14,0,0,1,1,1,0,1,2,0.0,0.0,0.0,0.0
Sheffield United,Leicester,1,2,A,1,1,D,4,13,1,4,13,6,6,5,1,3,0,0,10,10,5,5,1,6,13,6,4,16,19,14,47,74,47,70,97,152,102,127,18,30,28,27,31,57,45,49,23,28,18,34,50,67,53,57,57,32,37,62,117,69,98,130,4,4,12,6,14,9,21,18,0,0,0,0,1,0,0,0,0.0,0.0,0.0,0.0
Tottenham,Arsenal,2,0,H,2,0,H,6,11,3,2,16,12,3,9,1,2,0,0,10,10,5,5,8,6,5,4,21,9,10,12,56,62,44,72,120,119,95,124,28,16,16,21,51,34,32,39,22,29,18,26,42,50,47,50,70,60,49,59,126,136,100,116,6,12,8,14,12,25,14,25,0,0,1,0,0,1,1,0,0.0,0.0,0.0,0.0
Liverpool,Wolves,4,0,H,1,0,H,11,9,6,3,8,14,4,6,1,1,0,0,10,10,5,5,14,6,5,6,22,17,11,11,93,38,47,60,163,90,122,107,37,15,16,16,64,39,39,33,34,11,18,35,62,21,44,56,55,48,51,58,104,108,109,101,3,8,10,9,8,18,13,16,0,0,0,0,0,2,0,1,0.0,0.0,0.0,0.0
Brighton,Southampton,1,2,A,1,1,D,12,10,4,3,12,12,4,3,3,3,0,0,10,10,5,5,5,8,9,8,14,16,19,16,66,36,43,65,123,78,107,104,17,14,18,29,34,28,51,47,26,12,12,39,50,40,37,59,60,54,60,59,132,115,130,121,10,3,4,7,15,13,13,15,0,0,0,0,3,0,0,1,0.0,0.0,0.0,0.0
Leeds,West Ham,1,2,A,1,1,D,13,19,7,8,12,10,5,6,1,2,0,0,11,11,5,5,6,9,9,7,16,20,18,14,71,63,60,40,161,159,137,124,24,21,19,19,58,60,46,45,35,22,24,19,59,57,52,55,55,55,53,55,106,125,126,105,9,5,9,2,18,11,16,8,0,1,0,0,0,1,0,0,0.0,0.0,0.0,0.0
Wolves,Aston Villa,0,1,A,0,0,D,16,13,7,2,23,15,5,8,2,5,0,0,11,9,5,4,6,5,8,2,11,15,20,13,75,47,53,46,131,118,135,107,23,17,21,12,42,39,52,37,26,21,25,13,50,60,66,33,58,43,52,67,123,109,102,142,3,7,7,11,14,17,17,18,0,1,0,0,0,1,0,2,0.0,0.0,0.0,0.0
Newcastle,West Brom,2,1,H,1,0,H,12,13,7,3,9,12,4,3,2,3,0,0,10,11,5,5,6,11,3,11,12,15,8,23,42,77,37,65,86,158,104,167,14,30,12,30,28,59,34,67,22,20,8,35,42,55,48,72,58,66,56,67,105,125,128,146,10,8,4,9,21,14,13,20,0,1,1,0,0,1,2,0,0.0,0.0,0.0,0.0
Man United,Man City,0,0,D,0,0,D,11,9,2,2,13,6,4,3,1,1,0,0,10,10,5,5,3,10,6,5,19,17,17,11,57,56,89,37,135,117,160,80,19,18,31,13,53,39,55,28,34,18,41,15,57,40,66,34,59,55,51,58,128,115,117,97,11,7,6,6,16,17,14,11,1,0,0,0,1,0,0,0,0.0,0.0,0.0,0.0
Everton,Chelsea,1,0,H,1,0,H,9,10,4,3,10,11,6,6,2,3,0,0,11,11,5,5,12,10,11,4,20,18,25,11,61,75,66,49,129,137,155,103,27,27,28,11,55,52,65,30,25,20,26,26,52,51,58,58,57,67,62,45,119,138,137,105,9,7,4,8,16,16,11,15,1,1,0,0,2,1,1,0,0.0,0.0,0.0,0.0
Southampton,Sheffield United,3,0,H,1,0,H,16,3,6,0,8,14,8,4,0,1,0,0,11,11,5,5,10,8,3,10,21,17,5,18,64,39,50,78,117,116,101,165,33,18,13,27,54,51,32,61,25,20,27,39,40,63,56,72,70,62,60,37,142,133,130,75,9,8,10,5,16,18,15,12,0,1,1,0,0,1,1,0,0.0,0.0,0.0,0.0
Crystal Palace,Tottenham,1,1,D,0,1,A,16,14,5,6,15,11,4,7,1,1,0,0,11,11,5,5,7,6,13,3,17,16,23,9,36,62,64,57,112,142,126,130,14,23,23,18,42,49,54,36,26,23,20,21,57,59,45,59,61,49,56,76,124,126,142,148,10,8,6,13,16,16,13,27,0,1,0,1,1,3,0,1,0.0,0.0,0.0,0.0
Fulham,Liverpool,1,1,D,1,0,H,10,12,5,6,9,5,6,8,3,1,0,0,11,11,5,5,5,11,8,11,11,21,26,17,64,58,70,52,132,140,174,99,20,29,27,24,43,63,70,42,18,17,28,10,41,54,66,27,68,58,49,60,139,117,112,122,13,8,5,10,22,12,9,19,1,0,0,2,1,0,0,2,0.0,0.0,0.0,0.0
Arsenal,Burnley,0,1,A,0,0,D,18,10,6,2,5,11,13,4,2,1,1,0,11,10,5,5,5,8,3,12,10,14,5,18,51,52,45,75,106,130,91,131,16,18,14,26,34,42,27,50,29,24,17,37,56,53,44,59,51,57,56,62,112,132,102,112,6,11,7,6,16,26,13,6,0,0,0,0,1,0,0,0,0.0,0.0,0.0,0.0
Leicester,Brighton,3,0,H,3,0,H,15,12,6,4,9,11,9,5,2,1,0,0,11,11,5,5,6,8,9,8,21,15,15,18,55,57,57,42,115,131,135,88,17,22,17,14,49,50,38,31,35,23,24,28,58,63,54,43,61,68,72,61,104,143,144,127,9,12,5,10,24,19,18,16,0,0,3,0,0,0,3,0,0.0,0.0,0.0,0.0
Wolves,Chelsea,2,1,H,0,0,D,12,13,4,3,12,12,5,6,2,2,0,0,12,12,6,6,6,6,11,5,11,16,25,12,91,60,76,58,147,131,165,112,30,19,31,15,49,41,68,34,31,29,32,32,55,68,64,64,81,58,73,55,146,124,148,115,5,12,7,10,16,22,14,17,0,1,0,0,0,1,1,0,0.0,0.0,0.0,0.0
Man City,West Brom,1,1,D,1,1,D,26,5,7,1,5,8,13,2,2,3,0,0,11,12,5,6,11,6,4,13,17,11,9,25,71,43,50,77,169,91,117,179,24,15,15,37,57,30,37,74,25,19,11,39,69,38,51,76,66,39,68,76,123,110,140,155,8,5,7,11,15,12,16,22,0,0,1,0,0,0,2,0,0.0,0.0,0.0,0.0
Arsenal,Southampton,1,1,D,0,1,A,9,13,4,3,13,13,2,7,1,3,1,0,12,12,6,6,5,9,11,9,10,15,24,17,69,62,53,77,124,140,133,119,22,20,21,33,40,44,60,51,42,28,15,43,69,57,48,67,56,68,72,71,117,143,150,147,8,12,7,10,18,27,16,19,1,0,0,0,2,0,0,1,0.0,0.0,0.0,0.0
Leeds,Newcastle,5,2,H,1,1,D,25,10,10,4,10,13,7,4,3,1,0,0,12,11,6,5,7,11,6,4,17,22,14,16,84,82,44,81,174,178,98,171,31,29,14,29,65,68,35,62,40,28,20,35,64,63,46,58,67,65,47,59,118,135,114,137,10,7,11,6,19,13,23,17,0,1,0,0,0,1,0,1,0.0,0.0,0.0,0.0
Leicester,Everton,0,2,A,0,1,A,14,11,2,6,12,9,4,6,2,3,0,0,12,12,6,6,9,8,8,8,24,15,21,18,70,69,68,62,130,143,138,147,23,26,28,25,55,54,59,55,44,28,27,31,67,68,58,57,70,79,62,71,113,154,129,149,11,13,7,9,26,20,18,19,0,0,1,0,0,0,2,1,0.0,0.0,0.0,0.0
Fulham,Brighton,0,0,D,0,0,D,9,9,4,4,15,11,1,8,1,0,0,0,12,12,6,6,6,12,9,11,12,22,15,21,74,70,69,57,142,152,147,103,25,35,21,20,48,69,42,37,24,25,29,37,47,62,59,52,77,63,83,70,148,122,155,136,16,9,6,12,25,13,19,18,1,0,3,0,1,0,3,0,0.0,0.0,0.0,0.0
Liverpool,Tottenham,2,1,H,1,1,D,17,8,11,2,8,9,7,4,0,2,0,0,12,12,6,6,18,6,14,4,27,18,24,10,104,47,78,73,186,109,140,146,43,18,29,23,76,47,60,41,38,17,27,25,74,33,52,63,63,62,67,91,117,131,153,163,4,9,7,14,10,22,14,28,0,0,0,1,0,2,0,1,0.0,0.0,0.0,0.0
West Ham,Crystal Palace,1,1,D,0,1,A,9,8,2,2,8,12,5,3,0,1,0,1,12,12,6,6,9,7,10,10,20,15,18,17,77,84,76,80,156,137,128,156,27,26,28,26,54,52,47,55,28,36,31,36,58,60,61,66,73,50,63,77,136,117,139,137,7,6,6,8,18,9,17,17,0,0,1,2,0,0,1,3,0.0,0.0,0.0,0.0
Aston Villa,Burnley,0,0,D,0,0,D,27,6,7,4,17,19,11,1,1,1,0,0,10,11,5,6,12,11,4,12,21,13,6,18,82,61,55,93,148,123,101,149,31,25,16,32,54,44,29,56,41,20,21,50,74,38,48,72,50,75,67,67,117,165,113,117,10,7,8,8,22,20,14,8,0,2,0,1,0,2,0,1,0.0,0.0,0.0,0.0
Sheffield United,Man United,2,3,A,1,2,A,12,14,6,8,17,8,6,3,3,2,0,0,12,11,6,5,2,8,16,7,5,21,19,17,51,87,78,61,104,181,146,126,19,34,34,21,32,67,55,41,29,33,23,22,60,80,61,43,70,38,69,60,144,83,141,121,5,7,5,10,16,12,17,18,0,0,0,0,1,0,1,0,0.0,0.0,0.0,0.0
Crystal Palace,Liverpool,0,7,A,0,3,A,5,14,3,8,5,11,5,4,1,0,0,0,13,13,6,6,8,7,9,12,19,18,29,19,52,76,82,62,136,165,203,117,19,29,33,29,49,57,87,49,30,30,36,16,64,71,81,37,76,60,54,69,151,145,125,140,11,9,6,13,18,17,10,24,0,1,0,2,2,3,0,2,0.0,0.0,0.0,0.0
Southampton,Man City,0,1,A,0,1,A,9,11,3,5,9,11,6,6,2,2,0,0,13,12,6,6,13,8,6,5,25,18,18,12,80,42,98,48,146,128,195,96,39,18,33,15,63,55,64,31,33,24,44,19,55,69,82,40,78,76,57,71,163,160,128,118,9,9,7,7,19,20,17,15,0,1,0,0,0,2,0,0,0.0,0.0,0.0,0.0
Everton,Arsenal,2,1,H,2,1,H,9,13,2,2,9,9,4,3,1,3,0,0,13,13,6,6,13,10,5,6,23,18,11,16,70,85,55,78,149,161,133,153,31,30,18,24,65,57,44,47,31,26,27,29,64,61,71,64,67,78,61,75,138,161,130,156,11,10,10,15,21,21,19,30,1,1,1,0,2,1,3,0,0.0,0.0,0.0,0.0
Newcastle,Fulham,1,1,D,0,1,A,12,11,5,4,7,17,2,9,1,2,0,1,12,13,6,6,8,12,6,10,16,21,12,22,54,90,68,82,108,196,151,161,21,33,23,34,39,72,52,73,26,23,23,37,50,65,48,70,67,78,71,59,127,147,163,133,12,11,9,4,24,20,26,13,0,1,0,0,0,1,1,0,0.0,0.0,0.0,0.0
Brighton,Sheffield United,1,1,D,0,0,D,21,5,5,3,9,11,14,2,1,5,0,1,13,13,6,6,6,10,3,13,15,21,7,24,78,46,53,94,156,112,116,195,21,17,13,33,46,41,38,75,30,15,31,47,67,53,66,83,72,66,74,45,166,151,161,91,13,6,11,5,19,19,19,14,0,0,1,0,3,0,1,0,0.0,0.0,0.0,0.0
Tottenham,Leicester,0,2,A,0,1,A,8,17,3,4,15,14,5,3,2,2,0,0,13,13,6,6,10,6,15,7,25,12,24,17,62,73,60,74,148,163,144,154,31,18,32,28,62,52,57,60,25,38,23,40,56,70,71,74,86,72,43,75,162,171,125,163,7,14,15,7,16,28,28,23,0,0,0,0,0,1,0,0,0.0,0.0,0.0,0.0
Man United,Leeds,6,2,H,4,1,H,26,17,14,3,6,6,11,13,1,0,0,0,12,13,6,6,3,10,10,11,22,19,22,24,68,65,90,96,160,138,199,188,21,20,34,39,63,47,75,72,38,21,24,35,64,49,71,67,72,61,51,70,149,138,128,148,12,8,9,6,19,21,22,14,1,0,0,0,1,0,0,1,0.0,0.0,0.0,0.0
West Brom,Aston Villa,0,3,A,0,1,A,1,19,1,10,14,8,1,7,1,2,1,0,13,11,6,5,5,12,9,2,10,26,21,13,67,102,66,62,122,205,175,129,22,37,23,19,38,81,61,48,40,37,33,18,53,89,85,39,72,79,67,90,148,160,134,184,9,11,12,13,19,24,23,21,1,0,0,0,2,0,0,2,0.0,0.0,0.0,0.0
Burnley,Wolves,2,1,H,1,0,H,10,15,4,3,11,15,1,7,2,1,0,0,12,13,5,6,2,6,5,10,6,18,13,17,46,56,56,71,107,176,159,144,13,24,19,22,33,63,53,44,27,22,24,39,49,83,60,74,46,50,65,66,132,134,158,136,6,0,11,10,15,9,18,24,0,0,0,0,0,1,0,1,0.0,0.0,0.0,0.0
Chelsea,West Ham,3,0,H,1,0,H,11,6,7,0,11,6,5,4,0,0,0,0,13,13,6,6,14,7,11,8,26,14,21,16,89,54,79,53,178,124,165,145,37,19,27,26,71,38,56,54,32,32,30,24,70,69,63,63,75,60,63,67,160,127,144,129,7,7,11,3,16,19,18,10,1,0,0,0,1,0,0,1,0.0,0.0,0.0,0.0
Leicester,Man United,2,2,D,1,1,D,10,9,2,4,10,17,5,0,2,1,0,0,14,13,7,6,9,10,19,9,26,17,28,21,84,80,92,73,161,162,186,155,25,32,42,27,61,63,77,50,48,34,26,28,74,79,75,62,82,88,77,77,139,178,155,144,13,16,7,13,30,25,20,21,0,0,0,0,0,0,1,0,0.0,0.0,0.0,0.0
Aston Villa,Crystal Palace,3,0,H,1,0,H,21,13,10,6,18,16,4,4,1,4,1,0,12,14,6,7,12,11,11,11,24,13,19,25,109,67,84,89,194,130,141,179,38,29,30,28,71,49,52,65,52,21,34,41,92,40,69,75,67,94,75,85,142,198,156,156,11,8,7,8,25,22,19,17,0,2,2,2,0,3,2,3,0.0,0.0,0.0,0.0
Fulham,Southampton,0,0,D,0,0,D,10,3,1,2,15,12,6,3,2,0,0,0,14,14,7,7,6,12,12,10,13,23,25,19,83,79,66,86,162,173,155,139,29,39,24,37,56,78,66,60,25,33,22,45,57,72,61,75,92,74,85,84,180,140,172,171,17,9,10,11,28,14,21,22,1,0,0,1,2,0,0,2,0.0,0.0,0.0,0.0
Arsenal,Chelsea,3,1,H,2,0,H,15,19,7,3,13,10,7,9,2,1,0,0,14,14,7,7,6,10,12,7,12,18,29,14,78,75,89,70,146,162,189,130,26,23,34,19,46,49,78,38,44,35,38,37,74,68,75,73,69,81,85,67,139,165,171,133,9,15,9,12,22,31,16,19,2,0,0,0,3,0,1,0,0.0,0.0,0.0,0.0
Man City,Newcastle,2,0,H,1,0,H,11,7,6,2,5,12,7,3,2,2,0,0,13,13,6,6,12,7,8,9,19,12,17,22,97,48,54,106,206,105,120,207,31,16,18,39,69,34,44,76,38,21,24,42,88,46,52,74,71,47,60,69,139,127,134,164,10,8,12,9,19,17,25,22,0,0,0,0,0,0,0,2,0.0,0.0,0.0,0.0
Sheffield United,Everton,0,1,A,0,0,D,10,7,2,3,11,10,6,3,2,4,0,0,14,14,7,7,4,11,10,8,8,25,25,19,63,101,79,76,121,216,158,174,25,42,34,27,41,80,67,59,35,36,33,35,68,97,68,64,87,46,71,83,172,100,147,170,8,9,10,11,24,15,22,24,0,0,1,0,2,0,2,1,0.0,0.0,0.0,0.0
Leeds,Burnley,1,0,H,1,0,H,11,14,4,6,8,14,4,12,0,3,0,0,14,13,7,7,12,13,4,12,24,30,8,19,109,92,61,120,216,214,117,191,41,33,20,39,78,86,37,66,47,32,22,61,84,78,50,90,77,78,86,84,134,154,143,149,13,8,9,9,22,15,17,10,0,1,0,1,0,1,0,1,0.0,0.0,0.0,0.0
West Ham,Brighton,2,2,D,0,1,A,11,13,4,4,6,8,5,4,0,0,0,0,14,14,7,7,10,8,9,11,21,19,16,22,86,92,78,66,171,156,177,117,29,28,25,24,56,61,51,44,33,39,37,38,67,68,81,55,81,62,94,85,150,140,175,162,7,7,6,13,18,10,20,24,0,1,3,0,0,1,3,1,0.0,0.0,0.0,0.0
Liverpool,West Brom,1,1,D,1,0,H,17,5,2,3,8,5,8,3,0,1,0,0,14,14,7,7,20,7,5,14,36,19,10,29,121,55,55,103,217,122,123,224,54,20,16,44,95,52,39,91,45,21,13,52,85,42,54,96,71,71,76,81,136,145,162,168,4,11,10,13,10,25,20,26,0,0,1,0,0,2,3,0,0.0,0.0,0.0,0.0
Wolves,Tottenham,1,1,D,0,1,A,11,6,6,3,20,13,9,2,4,1,0,0,14,14,7,7,8,7,15,6,14,19,25,14,103,73,86,90,174,154,156,180,34,22,31,34,56,48,65,56,36,35,31,32,67,75,61,73,93,70,76,99,173,147,177,185,7,14,9,14,19,26,18,30,0,1,0,1,0,1,0,1,0.0,0.0,0.0,0.0
Crystal Palace,Leicester,1,1,D,0,0,D,4,17,1,3,10,7,2,5,0,1,0,0,15,15,7,7,8,14,17,7,19,28,28,19,57,90,77,82,154,200,171,171,22,37,36,31,58,75,63,67,35,34,26,45,73,79,79,79,81,71,57,90,172,174,149,195,12,9,17,9,23,18,32,26,0,1,0,0,2,4,0,0,0.0,0.0,0.0,0.0
Chelsea,Aston Villa,1,1,D,1,0,H,16,10,5,2,16,3,11,4,3,1,0,0,15,13,7,6,17,7,12,2,30,17,27,13,100,60,85,63,208,145,215,143,44,19,33,20,81,45,81,55,37,36,40,19,84,80,96,44,86,66,75,104,181,146,160,214,7,7,14,14,17,21,26,26,1,0,0,1,1,0,1,3,0.0,0.0,0.0,0.0
Brighton,Arsenal,0,1,A,0,0,D,13,11,2,3,11,4,5,4,2,0,0,0,15,15,7,7,7,11,6,8,18,24,15,19,99,51,68,87,190,128,161,181,26,20,20,26,55,48,53,52,44,17,30,33,85,60,81,77,81,77,70,84,183,168,152,175,14,11,13,16,20,24,24,32,0,1,1,0,3,1,3,0,0.0,0.0,0.0,0.0
Burnley,Sheffield United,1,0,H,1,0,H,5,7,3,3,13,17,3,5,1,2,0,0,14,15,6,7,4,7,4,14,8,20,8,26,56,71,58,115,131,202,131,223,17,27,16,38,43,70,43,83,28,29,33,61,62,94,74,100,57,65,85,54,157,157,183,110,8,1,16,6,20,10,26,19,0,0,2,0,0,1,2,0,0.0,0.0,0.0,0.0
Southampton,West Ham,0,0,D,0,0,D,8,8,3,3,16,15,4,3,3,1,0,0,15,15,7,7,13,9,11,11,25,19,23,21,89,53,85,64,158,149,182,169,42,23,27,33,68,61,60,65,39,30,34,29,64,81,72,72,87,87,69,78,184,186,156,148,11,11,11,3,21,24,18,10,0,1,0,0,0,2,0,1,0.0,0.0,0.0,0.0
West Brom,Leeds,0,5,A,0,4,A,4,14,1,6,7,10,3,10,0,1,0,0,15,15,7,7,5,15,12,17,11,30,25,30,68,121,107,122,128,241,227,228,23,47,37,53,42,93,82,92,41,44,37,46,57,104,88,90,86,87,57,76,167,176,142,168,10,13,9,7,21,26,22,18,2,0,0,0,3,0,0,1,0.0,0.0,0.0,0.0
Man United,Wolves,1,0,H,0,0,D,11,9,3,5,11,7,2,2,1,1,0,0,14,15,7,7,9,12,6,12,30,23,15,20,94,82,71,81,195,165,185,160,35,23,22,26,81,52,62,51,49,34,31,40,75,67,76,77,78,67,80,77,172,154,193,160,13,8,12,12,21,23,23,27,1,0,0,0,1,0,0,1,0.0,0.0,0.0,0.0
Newcastle,Liverpool,0,0,D,0,0,D,8,11,2,4,9,13,5,12,2,3,0,0,14,15,7,7,9,13,16,12,17,24,37,20,66,101,96,67,127,218,234,127,26,37,41,32,46,82,97,55,28,32,40,21,55,81,93,45,74,95,65,74,146,169,144,150,13,13,6,14,27,24,10,26,0,2,0,2,0,2,0,2,0.0,0.0,0.0,0.0
Everton,West Ham,0,1,A,0,0,D,10,11,2,5,9,7,5,4,2,0,0,0,15,16,7,8,15,11,11,11,26,19,23,21,79,98,93,72,165,184,190,177,33,32,30,36,70,61,63,68,35,29,37,33,71,70,75,76,76,87,84,94,157,181,171,164,12,13,12,6,26,26,19,13,1,1,0,0,2,1,0,1,0.0,0.0,0.0,0.0
Man United,Aston Villa,2,1,H,1,0,H,19,5,9,5,22,10,5,10,4,0,0,0,15,14,8,7,10,12,13,3,31,23,28,14,105,91,95,79,206,174,225,159,38,28,35,25,84,57,83,60,51,36,44,30,77,69,100,55,89,74,78,120,183,161,163,230,14,9,15,17,22,24,27,29,1,0,0,1,1,0,1,3,0.0,0.0,0.0,0.0
Tottenham,Leeds,3,0,H,2,0,H,20,18,7,5,15,13,3,5,2,1,1,0,15,16,7,8,10,8,17,17,26,15,30,30,70,90,121,126,162,191,241,232,34,22,43,54,68,62,88,93,30,41,47,49,63,82,98,93,101,86,67,83,190,205,152,175,9,16,10,7,19,34,23,18,0,0,0,0,0,1,0,1,0.0,0.0,0.0,0.0
Crystal Palace,Sheffield United,2,0,H,2,0,H,9,7,4,2,8,18,3,6,1,3,0,0,16,16,8,8,9,15,4,15,20,29,8,27,61,107,65,120,158,217,138,228,23,40,19,41,59,78,46,86,37,39,38,64,75,84,79,103,91,78,102,67,182,181,200,123,12,10,18,7,23,19,28,20,0,1,2,0,2,4,2,0,0.0,0.0,0.0,0.0
Brighton,Wolves,3,3,D,1,3,A,13,11,4,4,13,8,5,8,2,1,0,0,16,16,8,8,7,12,6,13,18,25,15,21,112,62,80,92,203,139,194,171,28,23,27,29,57,51,67,54,49,21,33,42,90,64,78,79,92,81,87,88,194,172,200,171,16,11,13,13,22,24,24,28,0,1,0,0,3,1,0,1,0.0,0.0,0.0,0.0
West Brom,Arsenal,0,4,A,0,2,A,7,21,3,12,7,4,3,5,1,2,0,0,16,16,8,8,5,20,7,8,11,35,16,19,72,135,79,100,132,255,172,194,24,53,23,28,43,99,56,54,44,54,34,38,60,114,85,82,93,97,74,95,174,186,156,186,10,14,13,18,21,27,24,34,2,0,1,0,3,0,3,0,0.0,0.0,0.0,0.0
Newcastle,Leicester,1,2,A,0,0,D,8,9,2,3,10,11,3,6,0,2,0,0,15,16,8,8,9,13,18,8,17,24,29,20,74,112,94,86,135,229,188,175,28,41,39,32,48,86,66,68,33,44,31,47,60,93,84,81,83,108,64,100,155,182,156,205,15,16,18,9,29,27,33,26,0,2,0,0,0,2,0,0,0.0,0.0,0.0,0.0
Chelsea,Man City,1,3,A,0,3,A,9,18,2,6,11,10,5,3,3,1,0,0,16,14,8,7,18,8,7,5,31,18,21,12,116,70,109,57,224,155,217,112,49,21,38,18,86,47,75,36,48,40,50,25,95,84,95,49,102,69,68,80,197,149,144,139,10,8,9,9,20,22,21,19,1,0,0,0,1,0,0,0,0.0,0.0,0.0,0.0
Southampton,Liverpool,1,0,H,1,0,H,7,17,3,1,5,12,1,10,1,3,0,0,16,16,8,8,13,9,16,12,25,19,37,20,97,61,107,75,166,157,245,135,45,26,45,34,71,64,101,57,43,33,52,26,68,84,105,50,103,102,78,83,200,201,157,159,14,12,9,16,24,25,13,28,0,1,0,2,0,2,0,2,0.0,0.0,0.0,0.0
Sheffield United,Newcastle,1,0,H,0,0,D,17,7,4,3,13,12,5,2,2,3,0,1,17,16,8,7,4,12,8,11,8,29,18,26,73,108,61,117,145,237,143,238,27,45,20,45,48,90,50,89,41,39,27,49,85,106,63,99,98,56,72,74,218,131,165,193,10,13,14,11,31,21,29,29,0,0,0,0,2,0,0,2,0.0,0.0,0.0,0.0
Burnley,Man United,0,1,A,0,0,D,11,13,0,7,15,13,3,4,1,2,0,0,15,16,7,7,5,7,21,11,9,20,33,24,61,78,101,83,136,209,225,179,20,30,46,29,46,73,93,62,31,34,26,33,65,99,82,79,70,82,94,87,170,174,205,171,9,3,8,15,21,12,26,24,0,0,0,0,0,1,1,0,0.0,0.0,0.0,0.0
Wolves,Everton,1,2,A,1,1,D,12,5,3,3,6,11,6,5,2,2,0,0,17,16,8,8,9,8,11,8,18,24,26,20,114,79,86,86,205,184,175,195,40,25,37,29,71,58,72,66,45,37,36,41,86,84,76,74,113,83,81,94,208,184,166,188,11,15,14,13,25,30,28,26,0,1,1,0,0,1,2,1,0.0,0.0,0.0,0.0
Man City,Brighton,1,0,H,1,0,H,16,5,6,1,4,12,8,4,0,2,0,0,15,17,7,8,14,7,11,13,24,13,21,28,108,55,91,77,235,121,216,150,37,18,29,28,81,38,61,55,45,24,41,43,98,54,95,72,76,59,102,91,154,150,207,180,12,10,6,13,22,22,24,25,0,0,3,0,0,0,3,1,0.0,0.0,0.0,0.0
Tottenham,Fulham,1,1,D,1,0,H,15,15,6,4,13,15,6,5,1,2,0,0,16,15,8,7,13,8,7,11,29,15,13,23,90,108,79,94,182,209,172,176,41,27,27,39,75,67,57,80,33,46,32,39,66,87,63,75,116,99,88,66,205,218,195,152,11,17,11,5,21,35,30,14,1,0,1,0,1,1,2,0,0.0,0.0,0.0,0.0
Arsenal,Crystal Palace,0,0,D,0,0,D,11,12,4,2,10,11,7,3,1,1,0,0,17,17,8,8,9,11,11,14,20,19,22,29,93,94,97,110,193,201,167,224,33,26,36,38,68,57,63,80,51,44,38,45,90,85,78,90,82,91,91,103,160,193,190,199,11,16,11,9,26,35,24,22,2,0,2,3,3,0,2,4,0.0,0.0,0.0,0.0
Wolves,West Brom,2,3,A,2,1,H,23,12,6,5,10,14,11,0,2,1,0,0,18,17,9,8,10,10,6,15,19,26,11,39,126,84,60,120,217,189,139,276,43,28,19,46,74,61,46,111,51,42,16,60,92,89,63,119,119,94,81,89,214,195,181,190,13,17,11,13,27,32,22,29,0,1,1,0,0,1,3,0,0.0,0.0,0.0,0.0
Leeds,Brighton,0,1,A,0,1,A,7,7,2,2,8,9,5,2,1,1,0,0,17,18,8,9,13,13,11,14,30,33,21,29,120,106,96,93,259,252,221,166,45,39,30,34,93,100,62,61,51,44,45,51,103,96,99,80,85,92,114,95,165,190,219,184,13,11,8,13,24,20,26,25,0,1,3,0,0,2,3,1,0.0,0.0,0.0,0.0
West Ham,Burnley,1,0,H,1,0,H,15,10,4,2,12,9,7,4,2,1,0,0,17,16,8,8,12,10,4,13,24,21,9,21,97,105,75,131,201,187,147,222,33,32,26,43,68,70,46,80,38,43,34,65,79,81,68,103,87,70,100,92,178,173,185,187,7,7,12,9,19,15,22,14,0,1,0,1,0,1,0,1,0.0,0.0,0.0,0.0
Fulham,Chelsea,0,1,A,0,0,D,10,21,3,6,11,10,1,12,2,3,1,0,16,17,8,8,6,12,13,10,14,24,32,21,93,82,108,85,187,191,233,173,30,41,37,26,61,86,88,53,31,36,47,44,68,81,100,87,107,86,95,80,210,165,208,159,19,9,10,14,32,15,23,23,1,0,0,0,2,0,1,0,0.0,0.0,0.0,0.0
Leicester,Southampton,2,0,H,1,0,H,16,8,5,3,10,11,2,5,2,2,0,0,17,17,8,8,11,12,12,10,31,21,26,19,94,89,69,96,197,183,173,174,27,36,26,38,69,70,74,65,53,34,25,51,90,84,69,94,92,105,97,99,167,215,205,213,15,17,10,13,35,26,25,28,0,0,0,1,0,0,0,2,0.0,0.0,0.0,0.0
Sheffield United,Tottenham,1,3,A,0,2,A,15,14,5,5,13,4,5,7,4,0,0,0,18,17,9,8,5,12,16,7,9,29,30,16,90,115,92,101,162,244,197,224,31,48,34,40,52,93,81,71,46,41,33,41,90,108,72,92,111,68,89,119,231,143,218,233,12,16,10,18,33,24,22,37,0,1,0,1,2,1,1,1,0.0,0.0,0.0,0.0
Liverpool,Man United,0,0,D,0,0,D,17,8,3,4,15,6,7,3,2,1,0,0,17,17,8,8,21,8,22,11,37,21,34,24,138,60,114,94,262,142,238,190,56,23,53,29,102,60,100,62,53,24,30,36,115,51,86,82,79,76,107,102,169,164,218,186,4,12,10,16,16,29,28,25,0,0,0,0,0,2,1,0,0.0,0.0,0.0,0.0
Man City,Crystal Palace,4,0,H,1,0,H,13,2,6,0,9,8,11,1,0,0,0,0,16,18,8,9,15,7,11,14,25,13,22,29,124,60,109,121,251,126,179,235,43,19,38,42,87,39,65,84,53,28,41,52,106,58,81,97,80,71,102,113,158,162,201,209,12,12,12,10,22,24,25,23,0,0,2,3,0,0,2,4,0.0,0.0,0.0,0.0
Arsenal,Newcastle,3,0,H,0,0,D,20,4,6,1,9,8,7,2,0,0,0,0,18,17,9,8,9,11,8,12,20,19,18,27,104,106,68,134,204,213,150,255,37,28,23,49,72,59,53,93,58,47,29,54,97,88,65,104,92,102,84,87,170,204,177,206,12,17,17,13,27,36,32,31,2,0,1,0,3,0,1,2,0.0,0.0,0.0,0.0
West Ham,West Brom,2,1,H,1,0,H,14,6,6,2,10,10,3,1,0,1,0,0,18,18,9,9,13,10,9,17,25,21,14,41,112,115,72,143,216,197,151,299,37,34,24,52,72,72,51,117,45,47,16,71,86,85,63,130,99,79,95,99,190,182,195,200,9,8,12,15,21,16,23,31,0,1,1,0,0,1,3,0,0.0,0.0,0.0,0.0
Leicester,Chelsea,2,0,H,2,0,H,8,9,6,5,7,16,6,3,1,3,0,0,18,18,9,9,13,12,14,10,33,21,33,21,110,97,129,95,213,191,254,183,32,39,43,29,74,73,94,56,55,39,59,45,92,89,112,88,102,116,105,91,177,226,218,170,17,19,13,16,37,28,26,25,0,0,0,1,0,0,1,1,0.0,0.0,0.0,0.0
Man City,Aston Villa,2,0,H,0,0,D,28,11,9,4,10,9,16,2,0,2,0,0,17,15,9,8,19,7,14,5,29,13,29,16,137,62,100,98,264,128,230,178,49,19,40,34,93,39,88,69,64,29,54,35,117,59,110,60,89,79,88,142,167,170,173,252,12,12,15,21,22,24,27,33,0,0,0,1,0,0,1,3,0.0,0.0,0.0,0.0
Fulham,Man United,1,2,A,1,1,D,12,15,5,5,6,10,2,8,3,1,0,0,17,18,9,9,6,13,22,11,14,25,34,24,103,103,122,111,197,212,246,207,33,47,57,32,64,92,104,65,32,48,33,43,69,93,89,89,118,96,113,117,221,175,224,201,21,12,11,18,34,18,29,27,2,0,0,0,3,0,1,0,0.0,0.0,0.0,0.0
Liverpool,Burnley,0,1,A,0,0,D,27,6,6,4,11,8,12,0,2,1,0,0,18,17,9,9,21,8,4,14,37,21,9,22,155,68,85,146,279,150,157,237,59,27,28,47,105,64,48,84,60,27,38,72,122,54,72,110,94,82,109,104,184,170,194,199,6,13,13,11,18,30,23,16,0,0,0,1,0,2,0,1,0.0,0.0,0.0,0.0
Aston Villa,Newcastle,2,0,H,2,0,H,14,7,5,1,9,18,5,4,0,3,0,0,16,18,7,9,15,11,8,15,29,18,18,30,130,80,72,154,241,206,154,275,48,35,24,55,92,78,54,99,56,25,31,61,112,76,67,111,85,110,92,96,182,262,185,215,12,12,17,13,29,33,32,31,1,2,1,0,1,3,1,2,0.0,0.0,0.0,0.0
Crystal Palace,West Ham,2,3,A,1,2,A,6,17,3,7,9,8,3,4,0,0,0,0,19,19,9,9,11,15,12,11,22,33,27,22,70,114,104,82,181,248,230,203,27,42,35,38,65,90,78,74,40,45,41,38,82,108,89,86,99,96,91,103,209,218,200,192,13,13,12,8,25,23,21,17,0,1,0,0,2,4,0,1,0.0,0.0,0.0,0.0
Newcastle,Leeds,1,2,A,0,1,A,22,9,5,2,10,15,9,5,1,3,0,0,19,18,9,9,10,15,17,20,18,32,30,34,82,121,139,146,161,289,266,259,30,44,48,61,55,104,95,102,36,50,52,52,71,116,108,98,93,119,80,98,203,224,173,199,15,18,11,9,35,31,25,21,0,2,0,1,1,2,0,2,0.0,0.0,0.0,0.0
Southampton,Arsenal,1,3,A,1,2,A,13,9,5,5,11,6,4,5,1,2,0,0,18,19,9,9,14,9,11,8,26,21,23,19,104,78,100,107,181,190,224,217,48,27,35,31,77,70,78,60,44,43,39,41,74,96,104,90,108,114,78,102,216,223,179,212,15,15,15,19,27,30,27,36,0,1,1,0,0,2,3,0,0.0,0.0,0.0,0.0
West Brom,Man City,0,5,A,0,4,A,4,18,1,7,8,8,3,8,2,0,0,0,19,18,9,8,5,24,10,6,15,43,31,13,79,156,127,66,157,313,292,139,27,65,44,20,53,123,102,43,47,59,53,30,64,133,133,61,100,101,78,91,205,210,177,179,11,16,10,12,24,31,22,26,2,0,0,0,3,0,0,0,0.0,0.0,0.0,0.0
Burnley,Aston Villa,3,2,H,0,1,A,10,18,5,10,16,7,2,4,1,0,0,0,18,17,8,9,5,8,14,7,10,22,31,18,72,91,111,126,163,264,255,213,20,37,44,43,52,90,97,79,34,38,56,51,72,122,117,80,85,95,97,152,202,210,191,280,10,5,17,21,24,18,29,36,0,0,0,1,0,1,1,3,0.0,0.0,0.0,0.0
Chelsea,Wolves,0,0,D,0,0,D,14,4,5,0,14,7,13,1,1,1,0,0,19,19,9,9,19,11,9,16,33,23,21,29,125,88,91,105,263,191,240,201,51,27,31,33,99,62,80,66,53,43,41,47,115,94,103,89,113,79,95,101,234,177,224,209,13,9,14,15,29,26,29,33,1,0,0,0,1,1,0,1,0.0,0.0,0.0,0.0
Brighton,Fulham,0,0,D,0,0,D,16,10,5,3,10,14,10,0,2,1,0,0,19,18,9,8,10,15,8,12,22,29,15,27,125,73,94,109,228,173,209,227,32,27,31,45,64,63,69,97,54,29,37,45,101,85,71,101,105,89,103,79,228,192,227,185,18,12,13,6,27,26,37,19,0,1,1,0,3,1,3,0,0.0,0.0,0.0,0.0
Everton,Leicester,1,1,D,1,0,H,8,19,2,6,12,10,5,11,1,1,0,0,17,19,8,9,15,12,20,9,28,21,35,21,89,109,103,94,180,207,221,200,35,37,42,34,75,69,80,78,40,33,37,50,81,80,98,92,85,94,75,110,177,194,184,242,14,13,20,9,30,28,38,31,1,1,0,0,2,1,0,0,0.0,0.0,0.0,0.0
Man United,Sheffield United,1,2,A,0,1,A,16,5,4,3,10,12,7,2,1,1,0,0,19,19,9,9,12,13,4,17,36,25,10,32,124,96,72,129,261,219,177,258,47,33,21,45,109,70,57,98,56,46,44,67,97,91,95,115,111,84,120,75,234,207,244,147,18,9,21,8,30,30,37,24,1,0,2,0,1,0,2,1,0.0,0.0,0.0,0.0
Tottenham,Liverpool,1,3,A,0,1,A,3,14,2,7,9,11,1,2,1,2,0,0,18,19,9,9,14,9,16,13,33,17,37,22,105,123,124,82,211,239,306,156,47,31,46,37,86,76,111,68,39,51,62,27,79,97,134,54,129,114,90,88,222,246,195,178,12,19,12,17,22,41,20,31,1,0,0,2,1,1,0,2,0.0,0.0,0.0,0.0
Everton,Newcastle,0,2,A,0,0,D,11,13,3,3,13,6,7,12,3,4,0,0,18,20,9,10,16,13,8,17,29,22,19,34,97,128,79,168,188,226,183,298,37,43,25,60,77,75,60,106,45,44,35,66,86,91,80,121,97,104,110,105,189,204,213,239,15,14,20,13,31,29,36,34,1,1,1,0,2,1,1,2,0.0,0.0,0.0,0.0
Crystal Palace,Wolves,1,0,H,0,0,D,11,6,2,4,7,10,1,6,1,2,0,0,20,20,10,10,13,18,9,16,24,36,21,29,76,131,95,119,187,265,244,215,30,49,31,38,68,97,80,71,43,49,42,60,85,112,104,102,108,104,102,115,218,226,231,223,13,13,15,16,25,23,30,34,0,1,0,0,2,4,0,1,0.0,0.0,0.0,0.0
Man City,Sheffield United,1,0,H,1,0,H,10,4,5,1,7,10,10,0,0,3,0,0,19,20,10,10,21,7,6,18,36,13,12,33,165,73,77,145,310,143,182,274,58,23,24,49,109,44,60,102,80,31,46,74,141,64,97,122,99,88,132,85,185,187,256,157,12,14,22,9,22,28,38,25,0,0,2,0,0,0,2,1,0.0,0.0,0.0,0.0
West Brom,Fulham,2,2,D,0,1,A,5,12,3,7,9,10,2,3,1,0,0,0,20,19,10,9,5,29,8,12,15,48,15,27,83,174,104,125,161,331,219,243,28,72,34,50,54,130,72,102,50,67,37,55,67,141,71,111,108,109,117,89,213,218,241,195,13,16,14,8,26,31,38,21,2,0,1,0,3,0,3,0,0.0,0.0,0.0,0.0
Arsenal,Man United,0,0,D,0,0,D,17,14,3,3,9,16,4,7,1,3,0,0,20,20,10,10,12,11,24,12,26,20,37,27,124,110,137,123,233,230,277,224,43,29,62,37,83,65,113,73,65,49,41,45,109,94,104,93,101,110,123,123,185,223,244,219,12,17,12,21,29,37,31,31,2,0,0,0,3,0,1,0,0.0,0.0,0.0,0.0
Southampton,Aston Villa,0,1,A,0,1,A,20,8,5,4,12,11,7,1,1,0,0,0,19,18,10,10,15,12,16,10,27,24,33,21,117,87,129,136,194,199,273,223,53,32,54,48,82,75,107,84,48,48,60,53,78,101,121,82,119,120,104,168,227,229,198,296,16,17,17,22,28,32,29,37,0,1,0,1,0,2,1,3,0.0,0.0,0.0,0.0
Chelsea,Burnley,2,0,H,1,0,H,19,1,8,0,7,9,4,2,0,1,0,0,20,19,10,10,19,11,5,14,33,23,13,24,139,92,91,173,277,195,173,282,56,27,32,53,104,62,57,100,66,44,38,84,128,95,74,126,127,86,117,115,248,184,218,217,14,10,14,13,30,27,25,18,1,0,0,1,1,1,0,1,0.0,0.0,0.0,0.0
Leicester,Leeds,1,3,A,1,1,D,18,8,8,7,17,16,6,4,0,3,0,0,20,19,10,10,15,12,19,21,36,22,32,35,118,106,148,168,240,208,275,281,38,44,50,66,86,80,97,107,61,42,57,61,109,97,113,107,109,132,95,108,194,254,188,209,18,22,14,10,39,32,28,22,0,0,0,1,0,0,0,2,0.0,0.0,0.0,0.0
West Ham,Liverpool,1,3,A,0,0,D,8,14,2,5,7,8,6,5,2,0,0,0,20,20,10,10,15,11,19,14,30,24,40,23,126,121,138,85,247,209,320,159,43,36,53,39,85,77,118,70,48,48,64,28,93,89,136,55,109,89,101,97,208,201,206,187,9,9,14,18,21,17,22,32,0,1,0,2,0,1,0,2,0.0,0.0,0.0,0.0
Brighton,Tottenham,1,0,H,1,0,H,16,8,5,4,11,11,9,2,2,1,0,0,20,19,10,9,10,15,19,8,22,29,34,20,141,83,106,116,244,183,214,253,37,30,39,45,69,66,88,83,64,29,40,46,111,85,80,99,115,103,93,132,238,206,231,257,20,13,10,22,29,27,23,43,0,1,0,1,3,1,1,1,0.0,0.0,0.0,0.0
Sheffield United,West Brom,2,1,H,0,1,A,14,8,6,4,11,9,9,2,2,1,0,0,21,21,10,10,6,15,10,19,12,34,17,50,105,129,78,157,186,284,166,343,36,53,26,58,61,107,57,137,51,48,17,74,97,132,69,144,124,72,105,109,266,164,222,228,16,16,13,15,41,25,27,31,0,1,1,0,2,1,3,0,0.0,0.0,0.0,0.0
Wolves,Arsenal,2,1,H,1,1,D,11,9,7,3,11,8,9,6,3,2,0,2,21,21,10,10,12,13,14,9,21,30,26,20,149,96,109,120,250,226,250,244,49,33,40,36,84,73,86,68,62,42,44,45,110,103,113,101,129,108,84,113,241,230,194,239,15,18,17,20,32,35,30,40,0,1,1,0,0,1,3,0,0.0,0.0,0.0,0.0
Man United,Southampton,9,0,H,4,0,H,24,3,14,1,11,6,5,3,2,3,0,2,21,20,10,9,13,15,12,12,37,27,27,25,140,101,77,112,291,241,214,207,51,36,29,43,116,76,87,79,63,48,30,53,111,97,85,102,121,96,108,109,260,228,239,240,19,10,12,15,34,32,29,32,1,0,0,1,1,0,0,2,0.0,0.0,0.0,0.0
Newcastle,Crystal Palace,1,2,A,1,2,A,21,6,5,3,14,11,9,1,1,3,0,0,21,21,10,10,11,17,11,18,21,34,25,36,104,130,111,134,196,309,198,271,35,46,38,48,63,109,70,101,45,55,42,63,92,128,86,118,103,134,110,122,219,252,225,236,16,21,12,10,40,37,26,25,0,2,2,3,1,2,2,4,0.0,0.0,0.0,0.0
Burnley,Man City,0,2,A,0,2,A,2,17,0,6,8,5,1,3,2,1,0,0,20,20,9,9,8,10,15,6,13,26,37,13,82,109,145,70,174,301,320,147,25,47,51,21,57,108,114,45,36,42,61,33,76,130,151,64,101,102,86,99,227,224,192,197,11,5,10,14,26,18,22,31,0,0,0,0,0,1,0,0,0.0,0.0,0.0,0.0
Fulham,Leicester,0,2,A,0,2,A,8,9,1,5,17,10,5,2,3,1,0,0,20,21,10,10,7,15,21,10,17,29,37,25,115,118,122,102,231,248,258,216,38,52,48,36,79,105,94,87,34,56,48,55,74,113,115,101,124,106,85,122,251,204,211,270,24,13,21,10,38,22,39,35,2,0,0,0,3,0,0,0,0.0,0.0,0.0,0.0
Leeds,Everton,1,2,A,0,2,A,16,10,7,6,12,12,7,1,2,3,0,0,20,19,9,9,13,14,13,9,35,36,29,24,127,113,91,98,283,299,199,239,47,41,40,32,104,115,80,78,56,46,41,47,117,113,93,103,93,101,92,100,204,226,202,210,14,12,16,15,31,22,34,33,0,1,1,0,0,2,2,1,0.0,0.0,0.0,0.0
Aston Villa,West Ham,1,3,A,0,0,D,9,20,2,10,11,15,7,3,1,1,0,0,19,21,8,10,17,11,15,13,34,21,31,27,144,87,121,88,281,243,255,223,53,36,42,41,111,89,87,82,61,29,45,41,122,89,99,94,94,128,99,112,209,308,215,209,12,15,12,8,29,38,23,17,1,2,0,0,1,3,0,1,0.0,0.0,0.0,0.0
Liverpool,Brighton,0,1,A,0,0,D,11,13,1,4,12,6,6,3,1,0,0,0,21,21,10,10,21,9,12,14,43,24,23,29,182,74,103,100,334,167,260,191,65,31,32,36,123,72,74,70,72,27,47,56,141,61,120,87,105,90,123,103,214,194,249,217,8,14,9,14,22,34,31,28,0,0,3,0,0,2,3,1,0.0,0.0,0.0,0.0
